operation,structure,n,average_ms,movements_or_accesses,theory
insert_front,DynamicArray,100,1.3196,601620,O(m(n+m))
remove_front,DynamicArray,100,0.1815,50500,O(mn)
insert_middle,DynamicArray,100,0.5408,551620,O(m(n+m))
remove_middle,DynamicArray,100,0.1170,25500,O(mn)
insert_front,LinkedList,100,0.1054,1000,O(m)
remove_front,LinkedList,100,0.0690,1000,O(m)
insert_middle,LinkedList,100,0.1187,51000,O(mn)
remove_middle,LinkedList,100,0.1215,51000,O(mn)
insert_front,DynamicArray,1000,0.1534,1501780,O(m(n+m))
remove_front,DynamicArray,1000,0.0995,500500,O(mn)
insert_middle,DynamicArray,1000,0.1455,1001780,O(m(n+m))
remove_middle,DynamicArray,1000,0.0582,250500,O(mn)
insert_front,LinkedList,1000,0.0322,1000,O(m)
remove_front,LinkedList,1000,0.0272,1000,O(m)
insert_middle,LinkedList,1000,0.5778,501000,O(mn)
remove_middle,LinkedList,1000,0.5455,501000,O(mn)
insert_front,DynamicArray,10000,0.7635,10510740,O(m(n+m))
remove_front,DynamicArray,10000,0.7177,9500500,O(mn)
insert_middle,DynamicArray,10000,0.2836,5510740,O(m(n+m))
remove_middle,DynamicArray,10000,0.2451,4500500,O(mn)
insert_front,LinkedList,10000,0.0265,1000,O(m)
remove_front,LinkedList,10000,0.0249,1000,O(m)
insert_middle,LinkedList,10000,4.8761,5001000,O(mn)
remove_middle,LinkedList,10000,5.0014,5001000,O(mn)
insert_front,DynamicArray,100000,6.2103,100500500,O(m(n+m))
remove_front,DynamicArray,100000,6.0999,99500500,O(mn)
insert_middle,DynamicArray,100000,3.0767,50500500,O(m(n+m))
remove_middle,DynamicArray,100000,3.0893,49500500,O(mn)
insert_front,LinkedList,100000,0.0218,1000,O(m)
remove_front,LinkedList,100000,0.0208,1000,O(m)
insert_middle,LinkedList,100000,49.2077,50001000,O(mn)
remove_middle,LinkedList,100000,49.7419,50001000,O(mn)
